{"cameraMode":{"drawMode":0,"name":"Shaded","section":"Shading Mode"},"sceneLighting":true,"audioPlay":false,"sceneViewState":{"showFog":true,"showMaterialUpdate":true,"showSkybox":true,"showFlares":true,"showImageEffects":true,"showParticleSystems":true},"in2DMode":false,"pivot":{"x":1.3464609384536744,"y":1.5766143798828126,"z":1.1855411529541016},"rotation":{"x":-0.002505798591300845,"y":-0.8030425310134888,"z":0.5959069132804871,"w":-0.003377338405698538},"size":23.779449462890626,"orthographic":false}