{"cameraMode":{"drawMode":0,"name":"Shaded","section":"Shading Mode"},"sceneLighting":true,"audioPlay":false,"sceneViewState":{"showFog":true,"showMaterialUpdate":false,"showSkybox":true,"showFlares":true,"showImageEffects":true,"showParticleSystems":true},"in2DMode":false,"pivot":{"x":10.285921096801758,"y":0.6654682159423828,"z":-1.9728419780731202},"rotation":{"x":0.03432736173272133,"y":0.9623932242393494,"z":-0.22666822373867036,"w":0.14574803411960603},"size":10.0,"orthographic":false}