{"cameraMode":{"drawMode":0,"name":"Shaded","section":"Shading Mode"},"sceneLighting":true,"audioPlay":false,"sceneViewState":{"showFog":true,"showMaterialUpdate":true,"showSkybox":true,"showFlares":true,"showImageEffects":true,"showParticleSystems":true},"in2DMode":false,"pivot":{"x":3.908763885498047,"y":9.248805046081543,"z":-9.940677642822266},"rotation":{"x":0.24013499915599824,"y":-0.3324044346809387,"z":0.087928406894207,"w":0.9078056812286377},"size":17.437097549438478,"orthographic":false}